image,id,child_number,name,sex,gen_number,relationship,first_child_id,birth_place,birth_date,christening_place,christening_date,marriage_1_place,marriage_1_date,spouse_1_id,marriage_2_place,marriage_2_date,spouse_2_id,marriage_3_place,marriage_3_date,spouse_3_id,marriage_4_place,marriage_4_date,spouse_4_id,death_place,death_date,death_age,burial_place,burial_date,num_children,father_id,mother_id,event_1_type,event_1_place,event_1_date,event_2_type,event_2_place,event_2_date,event_3_type,event_3_place,event_3_date,baptized_date,notes,parent_families,source_images
0002,23,,JOSIAH LARKWORTH,M,5,,,"Wethersfield, Conn.","14 March, 1781",,,"Wethersfield, Conn.","2 June, 1806",0002-1-GEN,,,,,,,,,,Hudson,"22 Aug., 1863",82 yrs.,,,,,,residence,"Hudson, Ohio",1824,,,,,,,,,,0002
0002,0002-1-GEN,,ABIGAIL STODDARD,F,,dau.,,"Glastonbury, Conn.","9 Oct., 1784",,,"Wethersfield, Conn.","2 June, 1806",23,,,,,,,,,,"Hudson, O.","3 Jan., 1859",,,,,0002-2-GEN,0002-3-GEN,,,,,,,,,,,,,0002
0002,0002-2-GEN,,Elisha Stoddard,M,,,,,,,,,,0002-3-GEN,,,,,,,,,,,,,,,,,,,,,,,,,,,,,,0002
0002,0002-3-GEN,,Mary (Wells) Stoddard,F,,,,,,,,,,0002-2-GEN,,,,,,,,,,,,,,,,,,,,,,,,,,,,,,0002
0002,58,i,DANIEL LARKWORTH,M,6,,,"Wethersfield, Conn.","27 Feb., 1807",,,"Hudson, O.","15 Sept., 1831",0002-4-GEN,,,,,,,,,,Hudson,"9 April, 1876",,,,,23,0002-1-GEN,residence,Hudson,1824,,,,,,,,,,0002
0002,0002-4-GEN,,Lucy Bradley,F,,dau.,,Hudson,"3 Aug., 1810",,,"Hudson, O.","15 Sept., 1831",58,,,,,,,,,,,"21 Jan., 1889",,,,,0003-2-GEN,0003-3-GEN,,,,,,,,,,,,,0002|0003
0002,0002-5-GEN,ii,MARY LARKWORTH,,,,,Wethersfield,"11 Dec., 1808",,,,,,,,,,,,,,,,"4 May, 1811",,,,,23,0002-1-GEN,,,,,,,,,,,,,0002
0002,59,iii,SAMUEL STODDARD LARKWORTH,M,6,,,"Wethersfield, Conn.","6 April, 1811",,,,"12 Oct., 1837",0002-6-GEN,,,,,,,,,,Cleveland,"18 Dec., 1884",,,,,23,0002-1-GEN,residence,Cleveland,1845,,,,,,,,,,0002
0002,0002-6-GEN,,Harriet N. Dwight,F,,dau.,,,1815,,,,"12 Oct., 1837",59,,,,,,,,,,,"2 Feb., 1880",,,,,0003-9-GEN,,,,,,,,,,,,,,0002|0003
0002,0002-7-GEN,iv,MARY ANN LARKWORTH,,,,,Wethersfield,"30 Sept., 1814",,,,"1 May, 1836",0002-8-GEN,,,,,,,,,,,"17 June, 1870",,,,,23,0002-1-GEN,,,,,,,,,,,,,0002
0002,0002-8-GEN,,Rev. Nathan B. Whitcomb,,,,,,,,,,"1 May, 1836",0002-7-GEN,,,,,,,,,,,,,,,,,,residence,"Twinsburg, O.",,,,,,,,,,,0002
0002,0002-9-GEN,v,ELISHA LARKWORTH,,,,,Wethersfield,"8 July, 1819",,,,,,,,,,,,,,,,"12 Aug., 1819",,,,,23,0002-1-GEN,,,,,,,,,,,,,0002
0002,60,vi,HENRY WELLS,M,,,,Wethersfield,"19 Nov., 1822",,,,,0002-10-GEN,,,,,,,,,,,,,,,,23,0002-1-GEN,,,,,,,,,,,,,0002
0002,0002-10-GEN,,Clarissa M. Porter,F,,,,,,,,,,60,,,,,,,,,,,,,,,,,,,,,,,,,,,,,,0002
0002,24,,MARTHA LARKWORTH,F,5,,,Wethersfield,"2 Sept., 1783",,,,"25 Nov., 1804",0002-11-GEN,,,,,,,,,,Rocky Hill,"12 March, 1852",,,,,,,,,,,,,,,,,,,0002
0002,0002-11-GEN,,AMOS RILEY,M,,,,,1779,,,,"25 Nov., 1804",24,,,,,,,,,,,1847,,,,,,,residence,"Rocky Hill, Conn.",,,,,,,,,,,0002
0002,0002-12-GEN,i,SOPHIA RILEY,,,,,Rocky Hill,"3 Aug., 1806",,,,,0002-13-GEN,,,,,,,,,,,,,,,,0002-11-GEN,24,,,,,,,,,,,,,0002
0002,0002-13-GEN,,Joseph Belden,,,,,,,,,,,0002-12-GEN,,,,,,,,,,,,,,,,,,,,,,,,,,,,,,0002
0002,0002-14-GEN,ii,WILLIAM RILEY,,,,,Rocky Hill,"21 Jan., 1809",,,,,,,,,,,,,,,"New Orleans, La.",1831,,,,,0002-11-GEN,24,,,,,,,,,,,,,0002
0003,0003-2-GEN,,Asahel Bradley,M,,,,,,,,,,0003-3-GEN,,,,,,,,,,,,,,,,,,,,,,,,,,,,,,0003
0003,0003-3-GEN,,Ruth (Pettibone) Bradley,F,,,,,,,,,,0003-2-GEN,,,,,,,,,,,,,,,,,,,,,,,,,,,,,,0003
0003,0003-4-GEN,i,ABIGAIL STODDARD,,7,,,Hudson,"4 July, 1832",,,,"9 Nov., 1854",0003-5-GEN,,,,,,,,,,,,,,,,58,0002-4-GEN,,,,,,,,,,,,,0003
0003,0003-5-GEN,,Lyman C. Hart,,,,,,,,,,"9 Nov., 1854",0003-4-GEN,,,,,,,,,,,,,,,,,,residence,"Aurora, O.",,,,,,,,,,,0003
0003,0003-6-GEN,ii,JOSIAH BRADLEY,,,,,Hudson,"22 March, 1835",,,,,,,,,,,,,,,"Chancellorsville, Va.","3 May, 1863",,,,,58,0002-4-GEN,,,,,,,,,,,,,0003
0003,0003-7-GEN,iii,RUTH ELLEN LARKWORTH,,,,,Hudson,"14 Jan., 1839",,,,,,,,,,,,,,,,"6 Oct., 1858",,,,,58,0002-4-GEN,,,,,,,,,,,,,0003
0003,0003-9-GEN,,Asa Dwight,M,,,,,,,,,,,,,,,,,,,,,,,,,,,,residence,"Ravenna, O.",,,,,,,,,,,0003
0003,0003-10-GEN,i,EDWARD DWIGHT,,7,,,,"5 May, 1839",,,,,,,,,,,,,,,,,,,,,59,0002-6-GEN,residence,Cleveland,,,,,,,,,,,0003
0003,0003-11-GEN,ii,HARRIET STODDARD,,,,,,"22 Sept., 1842",,,,"4 June, 1868",0003-12-GEN,,,,,,,,,,,,,,,,59,0002-6-GEN,,,,,,,,,,,,,0003
0003,0003-12-GEN,,Charles W. Ransom,,,,,,,,,,"4 June, 1868",0003-11-GEN,,,,,,,,,,,,,,,,,,,,,,,,,,,,,,0003
